"id","ord","otype","title","desc","mid","access","flags","payload","owner","uid_lmod","debut","lmod"
"1","3000","4096","Occupations","","843","0","128","597,1055|184,410|584,1036|7252,9625|10505,13114|595,1052|594,1051|986,1608|2358,3491|589,1044|5864,1047|6492,8741|600,1060|2432,3588|5822,1032|1551,1033|7866,10044|3941,5440|601,1061|585,1038|8317,10781|3822,5305|591,1048|3937,5436|1057,1746|186,415|3013,4310|3954,5455|185,411|985,1606|987,1609|7649,2791|3494,4909|2176,3288|8262,10726|2919,4191|1790,2797|4599,6289|3500,4915|602,1064","1","7","0","1639425507"
"2","11","4096","Verbs I","","51","0","0","15,32|16,37|41,100|42,103|43,108|44,109|45,111|46,112|47,113|48,114|49,116|50,118|51,121|52,122|66,151|80,184|88,206|100,234|117,276|123,290|162,378|169,388|261,562|359,731|360,736|3682,5148|4285,5855","1","7","0","1639316072"
"3","12","4096","Verbs II","","89","1","0","5007,6778|6212,8396|91,212|92,214|93,215|94,218|101,235|5830,7897|102,236|89,207|95,220|96,222|97,227|103,239|116,273|118,277|159,371|158,368|1003,1643|1011,622|5917,4039|82,191|2683,3898|160,374|245,535|1738,2732|2642,3841|5608,7588|5505,7456","1","7","0","1639500701"
"4","400","4096","Common Objects I","","291","1","128","9003,268|250,543|257,556|258,557|269,583|273,595|303,653|304,654|306,658|307,659|308,661|309,663|316,671|317,672|319,675|320,677|321,678|655,1158|677,1182|678,1183|679,1184|4844,3676|8428,10907|10431,13045|10432,13046","1","7","0","1638985814"
"5","401","4096","Common Objects II","","598","1","128","249,542|262,565|310,664|653,1156|654,1157|657,1160|676,1180|683,1191|685,1197|690,1203|9564,1265|3339,4730|3923,5420|4272,5837|10433,6682|5073,6871|5074,6872|5779,7823|5795,7851|6574,8827|6666,8936|6698,8979|6707,8988|6870,9193|7465,9860|7835,10254|7843,10261|10434,13048|10435,13049|10436,13050|10581,13197","1","7","0","1638986826"
"6","411","4096","Air & Sea Vehicles","","106","0","128","108,257|723,1252|724,1253|725,1254|726,1255|727,1256|728,1257|729,1258|730,1259|731,1260|732,1262|733,1265|734,1266|736,1268|737,1269|738,1270|739,1271|740,1273|741,1274|1697,2676|1750,2748|3240,4606|3241,4607|3242,4608|3243,4610|3244,4611|3245,4614|3248,4616|3249,4617|7907,10328|9663,12192","1","7","1561898445","1639226331"
"7","441","4096","Engine Parts","","0","0","0","2411,3557|2692,3912|2942,4225|3159,4502|3264,4639|3746,5215|3747,5216|10074,5216|5848,7920|6071,8201|6148,8306|6150,8309|6159,8321|6401,8645|6403,8647|6412,8657|7060,9417|7506,9904|7766,10172|8592,11070|9309,11070|8595,11074|9266,11792|9271,11798|2982,4268","0","7","1561909481","1638931339"
"8","1000","4096","Colors","","284","0","128","58,135|388,775|389,776|390,777|391,778|392,779|393,782|394,783|395,784|396,785|397,786|398,787|399,788|6954,9290|6955,9292|8902,11403","1","7","1561910102","1638915723"
"9","1002","4096","Days & Months","","864","0","0","416,810|417,811|418,812|419,813|420,814|421,815|422,816|423,817|424,818|425,819|426,820|427,821|428,822|429,823|430,824|431,825|432,826|433,827|8591,3289|8109,10558|8110,10559","1","7","1561910603","1639307164"
"10","1010","4096","Heavens","","720","0","0","927,579|688,1200|1235,1200|2316,1200|689,1201|1233,1201|1234,2040|1391,2257|2078,3170|2134,3232|2774,4022|3983,5489|4966,6726|5142,6971|5856,7933|5857,7934|6495,8744|6563,8814|6669,8938|9408,8938|6674,8946|6675,8947|6677,8949|6678,8950|6936,8951|6679,8952|6680,8953|6681,8955|6682,8956|6683,8957|6684,8958|6685,8959|6686,8960|6687,8961|6688,8962|6747,9039|6748,9040|8359,10826|8360,10828|8363,10828|8364,10831|8365,10832|8366,10833|8369,10836|9212,11733|9213,11734","1","7","1561910792","1639266890"
"11","1600","4096","Body Parts I","","0","0","0","137,320|138,323|139,325|140,329|8829,329|141,330|142,335|143,336|144,337|145,338|146,339|147,340|148,342|155,355|534,960|535,961|536,962|8722,4539|7762,4754|8377,5233|5053,6219|4743,6466|4749,6472|4751,6476|9549,12080|9550,12081","0","7","1561913818","1639220874"
"12","1601","4096","Body Parts II","","0","0","0","8685,332|532,957|832,1378|1715,2699|3851,3852|2832,4091|3016,4314|7519,4367|3186,4536|6452,4536|3714,5188|3760,5230|3761,5231|3762,5232|3763,5233|3810,5286|3850,5336|4548,6219|4578,6264|4623,6323|5606,6466|4744,6467|4825,6553|5320,7202|5342,7232|5605,7585|5736,7771|6151,8310|6153,8314|7475,9870|7546,9942|7555,9950|7556,9951|7760,10168|8432,10913|9217,11738|9224,11746|10080,12667","1","7","1561914060","1639220927"
"13","1605","4096","Body Organs","","0","0","0","2718,330|3860,330|151,348|152,349|1913,585|533,959|538,964|1759,2756|1891,2921|2066,3157|2270,3396|2719,3947|5597,3998|3408,4806|3417,4816|4397,5998|4398,5999|4399,6000|4400,6001|4454,6066|5131,6963|5600,7575|5648,7646|6130,8287|6335,8562|6390,8633|6405,8648|7226,9601|9065,9601|7931,10354|7938,10360|7939,10361|7940,10362","1","7","1562401102","1639267043"
"14","1606","4096","Body Organs II","","0","0","0","1063,1755|1934,2978|2523,3694|5832,3694|9575,3997|2757,3998|2775,4024|9066,4367|3057,4368|3099,4419|3187,4537|3188,4538|3189,4540|3190,4541|3203,4560|4045,5561|4585,6276|4868,6593|5180,7032|9110,7575|6387,7576|9058,7576|9111,7577|5636,7632|5802,7863|6406,8649|6418,8664|6557,8809|6568,8820|6572,8824|6869,9192|7504,9902|8549,11022|9059,11566","0","7","1562401354","1639267079"
"15","2000","4096","Animal General","","0","0","0","611,1075|1058,1748|2304,2264|1397,2265|1695,2674|1717,2703|6984,3049|5738,3101|3085,4393|3318,4702|4139,5669|4140,5670|4141,5671|4142,5672|4143,5673|4583,6274|5321,7203|5403,7329|5557,7525|6025,8136|8471,9891|7528,9924|7608,10006|8713,11194|8714,11195|8717,11198|8718,11200|8719,11201|8811,11307|9358,11879|9580,12099","1","7","1562401626","1638912974"
"16","2010","4096","Domestic Animals","","84","0","128","188,420|2305,420|189,421|285,421|190,422|192,424|194,426|195,427|206,449|207,450|209,452|1920,2961|2311,3440|3192,4543|4058,5578|4060,5580|4061,5581|5430,5581|5138,6969|5175,7026|5746,7783|5909,8003|6022,8131|7489,9888|9566,12090|9568,12092|9573,12095","1","7","1562401888","1639307274"
"17","2020","4096","Wild Animals","*Field Mice* tend to have a reddish or beige coat with a white belly. Their eyes and ears are comparatively smaller than *house mice*, and they have larger and stronger hind legs. Also, field mice usually have white feet while house mice are a solid color.
----
### Did you know?

According to the [Smithsonian’s National Zoo & Conservation Biology Institute](https://nationalzoo.si.edu/animals/news/its-bison-not-buffalo-and-other-american-bison-facts)

>Though the terms are often used interchangeably, buffalo and bison are distinct animals. Old World “true” buffalo (Cape buffalo and water buffalo) are native to Africa and Asia. Bison are found in North America and Europe.

>Both bison and buffalo are in the bovidae family, but the two are not closely related.

>Bison have large humps at their shoulders and bigger heads than buffalo. They also have beards, as well as thick coats which they shed in the spring and early summer.","240","0","128","193,425|200,439|201,440|202,442|203,445|204,447|208,451|612,1076|617,1082|618,1083|1744,2740|2040,3121|2402,3547|2513,3684|4035,5551|4306,5877|4317,5895|5137,6968|5139,6970|7775,10182|7882,10303|9174,11687|9219,11740|9571,12093","1","7","1562402061","1638950426"
"18","2021","4096","Wild Animals #2","","277","0","0","615,1080|616,1081|1489,2385|2480,3644|2481,3645|2484,3648|2485,3649|8198,3684|2514,3685|2720,3948|3265,4640|3508,4922|3594,5019|3720,5195|3721,5196|4062,5582|4138,5668|4230,5773|4231,5774|5540,7505|5584,7556|6749,9041|7768,10174|9178,11687","1","7","1562402260","1638855765"
"19","2040","4096","Birds","","88","0","128","9257,439|805,1348|806,1349|807,1350|808,1351|809,1352|810,1353|811,1354|812,1355|813,1356|814,1357|815,1358|816,1359|817,1361|818,1363|819,1364|820,1365|821,1366|822,1367|823,1368|824,1369|825,1370|826,1371|1714,2698|3239,4605|4587,6278|5187,7041|5711,7727|6801,9104|9280,11808|191,423|192,424","1","7","1562402418","1638912155"
"20","2090","4096","Bugs & Insects","","565","0","128","210,453|211,454|619,1084|620,1085|2370,3504|2515,3686|2707,3928|2913,4186|7769,4625|3283,4662|4589,6280|5066,6857|5351,7248|7098,7320|7341,9730|7624,10020|7744,10133|7723,10134|7724,10136|7745,10156|7750,10161|7771,10177|7780,10190|7787,10197|7795,10207|7797,10209","1","7","1562402576","1639307025"
"21","2091","4096","Bugs & Insects II","","0","0","0","1878,2906|7765,2906|1939,2986|7754,3504|2371,3505|9922,4186|3255,4625|4495,6125|4588,6279|7746,6280|9545,6857|5333,7216|5367,7272|7823,7320|6544,8446|7048,9406|7445,9834|7717,10128|7726,10137|7748,10159|7749,10160|7753,10163|7756,10164|7757,10166|7764,10171|7767,10173|9544,10177|7778,10185","1","7","1562402805","1638870354"
"22","3010","4096","Fruits","","581","0","128","253,549|254,550|255,551|658,1161|659,1162|660,1163|661,1164|662,1165|663,1166|664,1167|667,1170|668,1171|669,1172|670,1173|671,1174|1708,2692|1763,2762|2198,3312|2298,3428|2301,3431|8944,3432|5174,7024|5638,7633|6440,8683|9673,12203","1","7","1562402995","1638989780"
"23","3020","4096","Vegetables","","703","0","128","896,1468|6138,1468|897,1469|898,1470|1111,1846|1390,2256|2300,3430|2466,3626|2844,4104|2846,4107|3823,5307|3824,5308|5052,6834|5506,7460|5643,7640|6134,8290|6135,8291|6139,8294|6140,8295|6141,8297|6143,8300|2367,3498|2025,3106|276,604|2025,3104","1","7","1562403165","1639227429"
"24","0","4097","Colors","","853","0","128","388,35,20,775|389,35,101,776|390,35,182,777|391,35,264,778|392,228,20,779|393,228,101,782|394,228,182,783|395,228,264,784|396,423,20,785|397,423,101,786|398,423,182,787|399,423,264,788","1","7","0","1638424945"
"25","0","4097","Leaky House","","854","0","128","1323,341,350,2162|262,30,22,565|560,471,70,994|109,527,114,260|8482,466,160,10957|5161,506,204,7003|1114,482,246,1850|9540,476,290,1663|721,472,333,1250|1050,28,78,1734|1090,32,127,1812|2,92,184,4|1007,30,228,1649|4235,60,280,5779|1067,85,328,1763","1","7","0","1638424075"
"26","0","4097","Iceberg Face","","855","0","128","5293,444,194,5058|5317,451,358,7199|501,497,278,911|5318,435,15,7200|234,380,225,504|235,327,322,507|504,151,290,915|278,395,73,605|5902,472,74,7992|510,32,15,923|1401,393,148,2269|1391,330,73,2257|227,32,358,170|543,144,358,971|531,34,94,956|129,34,134,307|528,34,174,953|131,34,214,312|135,34,254,318","1","7","0","1638424207"
"27","0","4097","Body Organs","","856","0","128","4397,31,15,5998|1910,427,123,585|2719,326,366,3947|5600,92,101,7575|2066,26,237,3157|2718,31,280,330|4454,36,323,6066|7931,51,366,10354|151,43,194,348|6335,61,152,8562|538,394,41,964|153,450,317,350|152,456,275,349|8549,461,231,11022|533,447,187,959","1","7","0","1638425018"
"28","0","4097","Mother Son Clock","","857","0","128","8101,145,243,1476|164,200,142,381|4161,296,299,5689|1103,50,299,1835|4344,80,190,5935|163,360,206,379|575,337,152,1023|3708,372,255,5180|562,166,330,998|257,27,47,556|4486,118,69,6106|305,130,17,657|174,250,62,397|6067,32,115,8196|5056,298,17,6842|3857,323,61,5345","1","7","0","1638423489"
"29","10","4097","Red Pill Blue Pill","If you liked the Matrix, you'll love this activity!","858","0","128","3365,321,230,4755|130,506,18,311|5406,419,131,7335|392,448,92,779|318,255,17,674|150,470,279,344|3364,477,213,4754|3359,331,354,4746|132,354,315,314|604,150,19,1067|1666,34,106,2640|390,142,105,777|5405,36,144,7333|7828,59,226,10246","1","7","0","1638420391"
"30","0","4097","Vitruvian Man","","859","0","128","146,195,138,339|5053,349,95,6219|4749,438,116,6472|4751,398,155,6476|144,159,55,337|148,296,368,342|4398,312,234,5999|141,350,194,331|535,365,284,961|4743,385,353,6466|8905,140,372,11408|1589,407,24,1507|147,208,281,340|138,287,44,323|532,230,196,957|155,29,14,355|2271,96,14,3397|143,296,147,336","1","7","0","1638423598"
"31","0","4097","Hangover II","","860","0","128","5690,35,154,7691|282,203,239,610|5694,516,253,7695|201,437,72,440|3128,85,347,4449|4490,198,98,6114|8293,279,334,10755|77,281,293,177|2376,437,358,3512|154,150,197,354|1007,52,75,1649|2922,265,98,4195|5065,278,57,6855|365,30,15,742|2733,289,16,3959|10006,500.7446808510638,51.702127659574465,6324|10003,487.3404255319149,130.2127659574468,12567","1","7","0","1638424610"
"32","0","4097","Days of the Week","","861","0","128","491,284,113,898|440,32,12,835|422,44,358,816|421,44,309,815|420,44,257,814|419,44,212,813|418,44,161,812|417,44,111,811|416,44,65,810|997,476,186,1628|4829,296,200,878|7577,388,228,9972|100,472,358,234|360,471,72,736|1603,291,12,2542","1","7","0","1638424913"
"33","0","4097","Solar System","","862","0","128","6563,30,15,8814|6674,494,99,8946|6678,316,147,8950|6685,119,151,8959|2078,197,191,3170|6683,397,287,8957|6677,30,254,8949|6682,189,254,8956|688,28,195,1200|8360,284,16,10828|6686,443,353,8960|6684,436,224,8958|689,35,353,1201|267,166,352,579","1","7","0","1638423712"
"34","0","4097","Ong Bak I","","863","0","128","4148,130,23,5678|750,358,265,1282|1366,110,267,2223|1433,193,354,906|1680,482,327,2656|1321,206,193,2159|1045,297,157,1727|1003,235,101,1643|3191,368,64,4542|996,452,110,1626","1","7","0","1638423863"
"35","0","4097","Today Tomorrow","","864","0","128","436,326,141,830|443,338,280,838|442,42,92,837|435,160,186,829|434,228,102,828|441,388,92,836|444,45,29,839|445,67,337,840|438,418,187,832|437,105,141,831|415,472,17,809","1","7","0","1638423662"
"36","0","4097","Father's Day","","865","0","128","576,269,165,1024|6721,267,207,9006|355,125.42553191489361,351.3829787234042,726|169,209.68085106382978,353.2978723404255,388|2633,490,44,3832|3112,536,87,4432|1033,403,150,1707|6715,39,285,8995|4097,33,181,5621|423,34,17,817|2809,449,324,1489|173,298.7234042553191,356.17021276595744,395|9485,147.44680851063828,103.40425531914893,12005","1","7","0","1638424806"
"37","0","4097","Playin in the Band","","866","0","0","399,423,264,788","1","7","0","1638423749"
"38","0","4098","Chores","","867","0","1","","1","0","0","0"
"39","0","4098","A New Passage","","0","0","0","","1","7","1638385677","1639114067"
"40","3000","4096","Summer Olympics","","973","0","128","6068,8197|760,1292|761,1293|771,1306|772,1307|499,907|3653,5102|5515,7470|782,1320|770,1304|766,1299|767,1300|787,1326|783,1321|775,1310|4702,6420|1703,2685|9214,11735|7532,7042|8163,10617|7913,10336|511,924|768,1301|769,1303|762,1295|764,1297|763,1296|789,1328|774,1309|786,1324","1","7","1639265196","1639311778"
"41","3000","4096","At the beach","","1063","0","128","504,916|2620,3821|3129,4451|9547,12078|4242,5791|1574,2502|4096,5619|4304,5874|4969,6729|109,260|1911,2950|1575,2503|906,1481|5727,7760|197,433|1451,2331|108,257|365,742|10635,13252|777,1312|10480,13082|2682,3896|2022,3099|196,429|816,1360|2591,3783|3077,4384|3614,5039|6408,8651|5902,7991|226,306|227,170|7913,10336|5888,3804","1","7","1639265766","1639421581"
"42","1810","4096","Zodiac","","113","0","128","3351,4741|3347,4737|3349,4739|10601,13215|3352,4742|3342,4732|3344,4734|3346,4736|3345,4735|3348,4738|3343,4733|3350,4740","1","7","1639266162","1639384363"
"43","5","4096","Pronouns","","0","0","0","274,598|2,2|294,636|279,606|356,728|7538,9932|7648,10042|355,726|8184,10643|6693,8970|3,5|202,444|8178,10638|4764,6492|4762,6488|4760,6485","1","7","1639266183","1639266183"
"44","3000","4096","Happy Holidays","","1035","0","0","5782,7830|1882,2911|1479,2373|1801,2809|1275,2099|54,127|249,542|8204,10668|3594,5019|501,911|4338,5928|267,579|4721,6443|10116,12714|4512,6160|5007,6778|9210,11731|10696,13321|7054,9411|1621,2567|818,1362|8237,10702|3927,5424|10645,13262|5183,7036|4237,5784|3652,5101","1","7","1639323453","1639427347"
"45","1700","4096","Clothes","","527","0","0","157,365|163,379|164,380|3402,4798|542,970|552,983|553,984|554,985|555,986|556,987|5737,7773|156,360|561,996|558,990|559,992|560,994|562,998|563,1000|904,1479|905,1480|907,1482|1182,1971|1185,1977|9899,12451|2716,3945|2717,3946|3700,5173|3701,5174|3702,5175|4161,5689|4162,5690|4163,5691|4234,5777|4235,5779|4237,5784|4238,5782|4241,381|6381,5793|5379,7286|5443,7376|5728,7761|3157,4499|5906,7999|6131,8289|6156,8317|6769,9066|8101,1476|7480,9877|7486,9885|8994,11500|884,1445","1","7","1639384598","1639446264"
"46","1760","4096","Jewelry","","447","0","0","165,382|10646,13263|565,1002|884,1445|4994,6759|1065,1758|557,989|2524,3695|2971,2211|3541,1001|3723,5198|5237,7102|7569,4038|8234,10700|9254,5198","1","7","1639389617","1639446130"
"48","7000","4096","Baby","","1045","0","128","4692,5398|1962,3017|1037,1712|6151,8310|142,335|7594,9990|713,1237|4724,4267|1805,2813|6078,8210|1059,1575|990,1617|5444,7377|8105,10552|3273,4651|7593,9988|8319,10783|6577,8832|8638,7553|5830,1534|7056,9413|142,334|57,133|100,234","1","7","1639413206","1639421553"
"47","1750","4096","Wash Clothes","","371","0","0","2950,4234|3175,4524|546,977|9982,12550|5380,7288|4570,6255|10481,13084|3339,4730|5779,7823|1647,2615|1834,2851|2959,4243|5737,7773|2582,3773|1434,2311|1558,2481|989,1616|6394,8637|7459,9853|9255,11780|9981,12549","1","7","1639412089","1639426015"
"49","1610","4096","About Face","","66","0","128","2,4|129,307|130,311|131,312|139,325|132,314|134,317|135,318|136,319|530,955|149,343|150,344|318,674|528,953|529,954|531,956|861,1418|862,1419|9996,12560|2408,3554|3160,4503|3359,4746|3360,4747|3365,4755|3535,4957|4034,5550|4036,5552|4293,5860|5319,7201|6149,8308|6601,8860|10008,12576","1","7","1639446494","1639452921"
"50","3000","4096","Food","","0","0","0","380,761|57,132|142,334|842,1391|264,569|197,433|7009,9355|4998,6764|374,753|55,130|10582,13198|675,1179|846,1395|259,560|378,758|1109,1844|266,578|2678,3891","1","7","1639453209","1639500321"
